,Conversion_Rate,Acquisition_Cost,ROI,Clicks,Impressions,Engagement_Score,Total Conversions,Cost Per Click (CPC),Cost Per Acquisition
Conversion_Rate,1.0,0.0007178726975838388,-0.0011430157708100601,0.0002694314482170566,-0.002833546328332028,-0.0006383944320056618,0.6908022239886649,0.0025248468164434244,-0.4625625540615795
Acquisition_Cost,0.0007178726975838388,1.0,0.004584823490700724,0.00014078082979310236,0.00032864399463279154,-0.00321761599030478,-0.00026332531231283506,0.40999301991584003,0.21721768519943283
ROI,-0.0011430157708100601,0.004584823490700724,1.0,-0.0020401686261513835,0.0022568521887170643,0.0005883311877310434,-0.0015605079318843462,0.004575001104895861,0.0035939795366272194
Clicks,0.0002694314482170566,0.00014078082979310236,-0.0020401686261513835,1.0,3.3069013937419996e-05,-0.0019081118155252399,0.6450075840217266,-0.7274366720640136,-0.3881098431748567
Impressions,-0.002833546328332028,0.00032864399463279154,0.0022568521887170643,3.3069013937419996e-05,1.0,0.003029713881175453,-0.0009462165919622408,-2.76925282546037e-05,0.004751108534662632
Engagement_Score,-0.0006383944320056618,-0.00321761599030478,0.0005883311877310434,-0.0019081118155252399,0.003029713881175453,1.0,-0.0011707293495381774,0.0009758318290099558,0.000971084714950101
Total Conversions,0.6908022239886649,-0.00026332531231283506,-0.0015605079318843462,0.6450075840217266,-0.0009462165919622408,-0.0011707293495381774,1.0,-0.4686445855443504,-0.4751425029134773
Cost Per Click (CPC),0.0025248468164434244,0.40999301991584003,0.004575001104895861,-0.7274366720640136,-2.76925282546037e-05,0.0009758318290099558,-0.4686445855443504,1.0,0.5362511292396477
Cost Per Acquisition,-0.4625625540615795,0.21721768519943283,0.0035939795366272194,-0.3881098431748567,0.004751108534662632,0.000971084714950101,-0.4751425029134773,0.5362511292396477,1.0
